Track Name,Configuration,Size,Track Image
Lime Rock Park,Grand Prix,1.53,./LimeRock-GrandPrix.png
Red Bull Ring,Grand Prix,2.68,./RedBullRing-GrandPrix.png
Red Bull Ring,National,1.45,./RedBullRing-National.png
Red Bull Ring,North,1.14,./RedBullRing-North.png
Road Atlanta,Full Course,2.54,./RoadAtlanta-FullCourse.png
Road Atlanta,Club,1.81,./RoadAtlanta-Club.png
Road Atlanta,Short,1.76,./RoadAtlanta-Short.png
Laguna Seca,,2.23,./LagunaSeca.png
Suzuka,Grand Prix,3.6,./Suzuka-GrandPrix.png
Suzuka,East,1.39,./Suzuka-East.png
Suzuka,West,2.15,./Suzuka-West.png
Tsukuba,2000 Full,1.27,./Tsukuba-2000Full.png
Virginia International,Full Course,3.27,./VirginiaInternations-FullCourse.png
Phoenix Raceway,Road Course,1.51,./PhoenixRaceway-RoadCourse.png
Daytona,Road Course,3.56,./Daytona-RoadCourse.png
Mount Pnorama Circuit,,3.86,./MountPanorama.png
